{"origin":"Normal","_version":"1.5.0","_beatsPerMinute":74,"_beatsPerBar":16,"_noteJumpSpeed":10,"_shuffle":0,"_shufflePeriod":0.5,"_events":[{"_time":56.375,"_type":4,"_value":5},{"_time":56.375,"_type":9,"_value":1},{"_time":56.375,"_type":3,"_value":0},{"_time":56.375,"_type":2,"_value":0},{"_time":156.625,"_type":1,"_value":0},{"_time":156.625,"_type":4,"_value":0},{"_time":156.625,"_type":3,"_value":0},{"_time":156.625,"_type":2,"_value":0},{"_time":156.625,"_type":8,"_value":1},{"_time":166.625,"_type":8,"_value":0},{"_time":166.625,"_type":1,"_value":6},{"_time":166.625,"_type":4,"_value":6}],"_notes":[{"_time":2.375,"_lineIndex":1,"_lineLayer":1,"_type":0,"_cutDirection":8},{"_time":2.375,"_lineIndex":2,"_lineLayer":1,"_type":1,"_cutDirection":8},{"_time":4.375,"_lineIndex":3,"_lineLayer":1,"_type":1,"_cutDirection":8},{"_time":4.375,"_lineIndex":0,"_lineLayer":0,"_type":0,"_cutDirection":8},{"_time":6.375,"_lineIndex":2,"_lineLayer":2,"_type":1,"_cutDirection":8},{"_time":6.375,"_lineIndex":1,"_lineLayer":2,"_type":0,"_cutDirection":8},{"_time":8.375,"_lineIndex":2,"_lineLayer":2,"_type":1,"_cutDirection":8},{"_time":8.375,"_lineIndex":0,"_lineLayer":1,"_type":0,"_cutDirection":8},{"_time":10.375,"_lineIndex":0,"_lineLayer":2,"_type":0,"_cutDirection":8},{"_time":10.375,"_lineIndex":3,"_lineLayer":2,"_type":1,"_cutDirection":8},{"_time":12.375,"_lineIndex":3,"_lineLayer":1,"_type":1,"_cutDirection":8},{"_time":12.375,"_lineIndex":0,"_lineLayer":2,"_type":0,"_cutDirection":8},{"_time":16.375,"_lineIndex":3,"_lineLayer":2,"_type":1,"_cutDirection":8},{"_time":16.375,"_lineIndex":0,"_lineLayer":0,"_type":0,"_cutDirection":8},{"_time":18.375,"_lineIndex":1,"_lineLayer":2,"_type":0,"_cutDirection":8},{"_time":18.375,"_lineIndex":2,"_lineLayer":2,"_type":1,"_cutDirection":8},{"_time":20.375,"_lineIndex":3,"_lineLayer":2,"_type":1,"_cutDirection":8},{"_time":20.375,"_lineIndex":0,"_lineLayer":2,"_type":0,"_cutDirection":8},{"_time":22.375,"_lineIndex":3,"_lineLayer":1,"_type":1,"_cutDirection":8},{"_time":22.375,"_lineIndex":0,"_lineLayer":1,"_type":0,"_cutDirection":8},{"_time":24.375,"_lineIndex":3,"_lineLayer":1,"_type":1,"_cutDirection":8},{"_time":24.375,"_lineIndex":0,"_lineLayer":1,"_type":0,"_cutDirection":8},{"_time":26.375,"_lineIndex":0,"_lineLayer":1,"_type":0,"_cutDirection":8},{"_time":26.375,"_lineIndex":3,"_lineLayer":1,"_type":1,"_cutDirection":8},{"_time":28.375,"_lineIndex":3,"_lineLayer":0,"_type":1,"_cutDirection":8},{"_time":28.375,"_lineIndex":0,"_lineLayer":1,"_type":0,"_cutDirection":8},{"_time":32.375,"_lineIndex":2,"_lineLayer":1,"_type":1,"_cutDirection":8},{"_time":32.375,"_lineIndex":0,"_lineLayer":2,"_type":0,"_cutDirection":8},{"_time":34.375,"_lineIndex":2,"_lineLayer":1,"_type":1,"_cutDirection":8},{"_time":34.375,"_lineIndex":1,"_lineLayer":1,"_type":0,"_cutDirection":8},{"_time":35.375,"_lineIndex":3,"_lineLayer":1,"_type":1,"_cutDirection":8},{"_time":35.375,"_lineIndex":0,"_lineLayer":1,"_type":0,"_cutDirection":8},{"_time":36.375,"_lineIndex":3,"_lineLayer":1,"_type":1,"_cutDirection":8},{"_time":36.375,"_lineIndex":0,"_lineLayer":2,"_type":0,"_cutDirection":8},{"_time":38.375,"_lineIndex":1,"_lineLayer":2,"_type":0,"_cutDirection":8},{"_time":38.375,"_lineIndex":2,"_lineLayer":2,"_type":1,"_cutDirection":8},{"_time":39.375,"_lineIndex":2,"_lineLayer":2,"_type":1,"_cutDirection":8},{"_time":39.875,"_lineIndex":3,"_lineLayer":2,"_type":1,"_cutDirection":8},{"_time":40.375,"_lineIndex":2,"_lineLayer":1,"_type":1,"_cutDirection":8},{"_time":40.375,"_lineIndex":0,"_lineLayer":2,"_type":0,"_cutDirection":8},{"_time":42.375,"_lineIndex":0,"_lineLayer":2,"_type":0,"_cutDirection":8},{"_time":42.375,"_lineIndex":3,"_lineLayer":2,"_type":1,"_cutDirection":8},{"_time":43.375,"_lineIndex":3,"_lineLayer":0,"_type":1,"_cutDirection":8},{"_time":43.875,"_lineIndex":3,"_lineLayer":0,"_type":1,"_cutDirection":8},{"_time":44.375,"_lineIndex":3,"_lineLayer":1,"_type":1,"_cutDirection":8},{"_time":44.375,"_lineIndex":0,"_lineLayer":2,"_type":0,"_cutDirection":8},{"_time":48.375,"_lineIndex":2,"_lineLayer":1,"_type":1,"_cutDirection":8},{"_time":48.375,"_lineIndex":1,"_lineLayer":1,"_type":0,"_cutDirection":8},{"_time":49.375,"_lineIndex":3,"_lineLayer":1,"_type":1,"_cutDirection":8},{"_time":49.375,"_lineIndex":0,"_lineLayer":1,"_type":0,"_cutDirection":8},{"_time":50.375,"_lineIndex":2,"_lineLayer":1,"_type":1,"_cutDirection":8},{"_time":50.375,"_lineIndex":1,"_lineLayer":1,"_type":0,"_cutDirection":8},{"_time":51.375,"_lineIndex":1,"_lineLayer":0,"_type":0,"_cutDirection":8},{"_time":51.375,"_lineIndex":2,"_lineLayer":0,"_type":1,"_cutDirection":8},{"_time":52.375,"_lineIndex":3,"_lineLayer":1,"_type":1,"_cutDirection":8},{"_time":52.375,"_lineIndex":0,"_lineLayer":0,"_type":0,"_cutDirection":8},{"_time":54.375,"_lineIndex":0,"_lineLayer":0,"_type":0,"_cutDirection":8},{"_time":54.375,"_lineIndex":3,"_lineLayer":0,"_type":1,"_cutDirection":8},{"_time":55.375,"_lineIndex":2,"_lineLayer":1,"_type":1,"_cutDirection":8},{"_time":55.875,"_lineIndex":3,"_lineLayer":0,"_type":1,"_cutDirection":8},{"_time":56.375,"_lineIndex":3,"_lineLayer":1,"_type":1,"_cutDirection":8},{"_time":56.375,"_lineIndex":0,"_lineLayer":0,"_type":0,"_cutDirection":8},{"_time":58.375,"_lineIndex":0,"_lineLayer":2,"_type":0,"_cutDirection":8},{"_time":58.375,"_lineIndex":3,"_lineLayer":2,"_type":1,"_cutDirection":8},{"_time":59.375,"_lineIndex":2,"_lineLayer":0,"_type":1,"_cutDirection":8},{"_time":59.875,"_lineIndex":1,"_lineLayer":2,"_type":0,"_cutDirection":8},{"_time":60.375,"_lineIndex":3,"_lineLayer":1,"_type":1,"_cutDirection":8},{"_time":60.375,"_lineIndex":0,"_lineLayer":2,"_type":0,"_cutDirection":8},{"_time":64.375,"_lineIndex":3,"_lineLayer":1,"_type":1,"_cutDirection":8},{"_time":64.375,"_lineIndex":0,"_lineLayer":2,"_type":0,"_cutDirection":8},{"_time":66.375,"_lineIndex":2,"_lineLayer":2,"_type":1,"_cutDirection":8},{"_time":66.375,"_lineIndex":1,"_lineLayer":2,"_type":0,"_cutDirection":8},{"_time":67.375,"_lineIndex":3,"_lineLayer":2,"_type":1,"_cutDirection":8},{"_time":67.375,"_lineIndex":0,"_lineLayer":2,"_type":0,"_cutDirection":8},{"_time":68.375,"_lineIndex":3,"_lineLayer":2,"_type":1,"_cutDirection":8},{"_time":68.375,"_lineIndex":1,"_lineLayer":2,"_type":0,"_cutDirection":8},{"_time":70.375,"_lineIndex":0,"_lineLayer":1,"_type":0,"_cutDirection":8},{"_time":70.375,"_lineIndex":3,"_lineLayer":1,"_type":1,"_cutDirection":8},{"_time":71.375,"_lineIndex":2,"_lineLayer":1,"_type":1,"_cutDirection":8},{"_time":71.875,"_lineIndex":3,"_lineLayer":2,"_type":1,"_cutDirection":8},{"_time":71.875,"_lineIndex":1,"_lineLayer":1,"_type":0,"_cutDirection":8},{"_time":72.375,"_lineIndex":2,"_lineLayer":2,"_type":1,"_cutDirection":8},{"_time":72.375,"_lineIndex":0,"_lineLayer":1,"_type":0,"_cutDirection":8},{"_time":74.375,"_lineIndex":0,"_lineLayer":1,"_type":0,"_cutDirection":8},{"_time":74.375,"_lineIndex":3,"_lineLayer":1,"_type":1,"_cutDirection":8},{"_time":75.375,"_lineIndex":3,"_lineLayer":1,"_type":1,"_cutDirection":8},{"_time":75.875,"_lineIndex":1,"_lineLayer":1,"_type":0,"_cutDirection":8},{"_time":76.375,"_lineIndex":2,"_lineLayer":0,"_type":1,"_cutDirection":8},{"_time":76.375,"_lineIndex":0,"_lineLayer":0,"_type":0,"_cutDirection":8},{"_time":80.375,"_lineIndex":2,"_lineLayer":1,"_type":1,"_cutDirection":8},{"_time":80.375,"_lineIndex":0,"_lineLayer":1,"_type":0,"_cutDirection":8},{"_time":82.375,"_lineIndex":2,"_lineLayer":0,"_type":1,"_cutDirection":8},{"_time":82.375,"_lineIndex":1,"_lineLayer":0,"_type":0,"_cutDirection":8},{"_time":83.375,"_lineIndex":1,"_lineLayer":2,"_type":0,"_cutDirection":8},{"_time":83.375,"_lineIndex":2,"_lineLayer":2,"_type":1,"_cutDirection":8},{"_time":84.375,"_lineIndex":3,"_lineLayer":0,"_type":1,"_cutDirection":8},{"_time":84.375,"_lineIndex":0,"_lineLayer":1,"_type":0,"_cutDirection":8},{"_time":86.375,"_lineIndex":1,"_lineLayer":0,"_type":0,"_cutDirection":8},{"_time":86.375,"_lineIndex":2,"_lineLayer":0,"_type":1,"_cutDirection":8},{"_time":87.375,"_lineIndex":0,"_lineLayer":0,"_type":0,"_cutDirection":8},{"_time":87.875,"_lineIndex":1,"_lineLayer":0,"_type":0,"_cutDirection":8},{"_time":88.375,"_lineIndex":3,"_lineLayer":1,"_type":1,"_cutDirection":8},{"_time":88.375,"_lineIndex":0,"_lineLayer":0,"_type":0,"_cutDirection":8},{"_time":90.375,"_lineIndex":0,"_lineLayer":0,"_type":0,"_cutDirection":8},{"_time":90.375,"_lineIndex":3,"_lineLayer":0,"_type":1,"_cutDirection":8},{"_time":91.375,"_lineIndex":1,"_lineLayer":1,"_type":0,"_cutDirection":8},{"_time":91.875,"_lineIndex":2,"_lineLayer":2,"_type":1,"_cutDirection":8},{"_time":92.375,"_lineIndex":3,"_lineLayer":2,"_type":1,"_cutDirection":8},{"_time":92.375,"_lineIndex":1,"_lineLayer":1,"_type":0,"_cutDirection":8},{"_time":96.375,"_lineIndex":3,"_lineLayer":1,"_type":1,"_cutDirection":8},{"_time":96.375,"_lineIndex":0,"_lineLayer":0,"_type":0,"_cutDirection":8},{"_time":98.375,"_lineIndex":1,"_lineLayer":0,"_type":0,"_cutDirection":8},{"_time":98.375,"_lineIndex":2,"_lineLayer":0,"_type":1,"_cutDirection":8},{"_time":99.375,"_lineIndex":2,"_lineLayer":1,"_type":1,"_cutDirection":8},{"_time":99.375,"_lineIndex":1,"_lineLayer":1,"_type":0,"_cutDirection":8},{"_time":100.375,"_lineIndex":3,"_lineLayer":0,"_type":1,"_cutDirection":8},{"_time":100.375,"_lineIndex":1,"_lineLayer":0,"_type":0,"_cutDirection":8},{"_time":102.375,"_lineIndex":1,"_lineLayer":0,"_type":0,"_cutDirection":8},{"_time":102.375,"_lineIndex":2,"_lineLayer":0,"_type":1,"_cutDirection":8},{"_time":103.375,"_lineIndex":0,"_lineLayer":1,"_type":0,"_cutDirection":8},{"_time":103.875,"_lineIndex":1,"_lineLayer":2,"_type":0,"_cutDirection":8},{"_time":104.375,"_lineIndex":3,"_lineLayer":0,"_type":1,"_cutDirection":8},{"_time":104.375,"_lineIndex":0,"_lineLayer":2,"_type":0,"_cutDirection":8},{"_time":106.375,"_lineIndex":0,"_lineLayer":1,"_type":0,"_cutDirection":8},{"_time":106.375,"_lineIndex":3,"_lineLayer":1,"_type":1,"_cutDirection":8},{"_time":107.375,"_lineIndex":1,"_lineLayer":2,"_type":0,"_cutDirection":8},{"_time":107.875,"_lineIndex":1,"_lineLayer":2,"_type":0,"_cutDirection":8},{"_time":108.375,"_lineIndex":2,"_lineLayer":0,"_type":1,"_cutDirection":8},{"_time":108.375,"_lineIndex":0,"_lineLayer":1,"_type":0,"_cutDirection":8},{"_time":112.375,"_lineIndex":3,"_lineLayer":0,"_type":1,"_cutDirection":8},{"_time":112.375,"_lineIndex":0,"_lineLayer":1,"_type":0,"_cutDirection":8},{"_time":114.375,"_lineIndex":3,"_lineLayer":1,"_type":1,"_cutDirection":8},{"_time":114.375,"_lineIndex":0,"_lineLayer":2,"_type":0,"_cutDirection":8},{"_time":115.375,"_lineIndex":3,"_lineLayer":0,"_type":1,"_cutDirection":8},{"_time":115.375,"_lineIndex":0,"_lineLayer":0,"_type":0,"_cutDirection":8},{"_time":116.375,"_lineIndex":2,"_lineLayer":1,"_type":1,"_cutDirection":8},{"_time":116.375,"_lineIndex":1,"_lineLayer":1,"_type":0,"_cutDirection":8},{"_time":118.375,"_lineIndex":1,"_lineLayer":2,"_type":0,"_cutDirection":8},{"_time":118.375,"_lineIndex":2,"_lineLayer":2,"_type":1,"_cutDirection":8},{"_time":119.375,"_lineIndex":0,"_lineLayer":2,"_type":0,"_cutDirection":8},{"_time":119.875,"_lineIndex":1,"_lineLayer":1,"_type":0,"_cutDirection":8},{"_time":120.375,"_lineIndex":3,"_lineLayer":2,"_type":1,"_cutDirection":8},{"_time":120.375,"_lineIndex":0,"_lineLayer":2,"_type":0,"_cutDirection":8},{"_time":122.375,"_lineIndex":3,"_lineLayer":2,"_type":1,"_cutDirection":8},{"_time":122.375,"_lineIndex":0,"_lineLayer":1,"_type":0,"_cutDirection":8},{"_time":123.375,"_lineIndex":1,"_lineLayer":1,"_type":0,"_cutDirection":8},{"_time":123.875,"_lineIndex":2,"_lineLayer":1,"_type":1,"_cutDirection":8},{"_time":124.375,"_lineIndex":3,"_lineLayer":1,"_type":1,"_cutDirection":8},{"_time":124.375,"_lineIndex":0,"_lineLayer":1,"_type":0,"_cutDirection":8},{"_time":128.375,"_lineIndex":2,"_lineLayer":2,"_type":1,"_cutDirection":8},{"_time":128.375,"_lineIndex":1,"_lineLayer":0,"_type":0,"_cutDirection":8},{"_time":131.375,"_lineIndex":1,"_lineLayer":0,"_type":0,"_cutDirection":8},{"_time":131.875,"_lineIndex":1,"_lineLayer":1,"_type":0,"_cutDirection":8},{"_time":132.375,"_lineIndex":2,"_lineLayer":2,"_type":1,"_cutDirection":8},{"_time":132.375,"_lineIndex":0,"_lineLayer":1,"_type":0,"_cutDirection":8},{"_time":134.375,"_lineIndex":3,"_lineLayer":1,"_type":1,"_cutDirection":8},{"_time":134.375,"_lineIndex":0,"_lineLayer":1,"_type":0,"_cutDirection":8},{"_time":135.375,"_lineIndex":2,"_lineLayer":2,"_type":1,"_cutDirection":8},{"_time":135.375,"_lineIndex":1,"_lineLayer":2,"_type":0,"_cutDirection":8},{"_time":136.375,"_lineIndex":3,"_lineLayer":2,"_type":1,"_cutDirection":8},{"_time":136.375,"_lineIndex":0,"_lineLayer":0,"_type":0,"_cutDirection":8},{"_time":139.375,"_lineIndex":2,"_lineLayer":1,"_type":1,"_cutDirection":8},{"_time":139.875,"_lineIndex":3,"_lineLayer":1,"_type":1,"_cutDirection":8},{"_time":140.375,"_lineIndex":2,"_lineLayer":0,"_type":1,"_cutDirection":8},{"_time":140.375,"_lineIndex":0,"_lineLayer":1,"_type":0,"_cutDirection":8},{"_time":144.375,"_lineIndex":3,"_lineLayer":0,"_type":1,"_cutDirection":8},{"_time":144.375,"_lineIndex":1,"_lineLayer":2,"_type":0,"_cutDirection":8},{"_time":147.375,"_lineIndex":1,"_lineLayer":2,"_type":0,"_cutDirection":8},{"_time":147.875,"_lineIndex":1,"_lineLayer":1,"_type":0,"_cutDirection":8},{"_time":148.375,"_lineIndex":3,"_lineLayer":0,"_type":1,"_cutDirection":8},{"_time":148.375,"_lineIndex":1,"_lineLayer":1,"_type":0,"_cutDirection":8},{"_time":150.375,"_lineIndex":1,"_lineLayer":2,"_type":0,"_cutDirection":8},{"_time":150.375,"_lineIndex":2,"_lineLayer":2,"_type":1,"_cutDirection":8},{"_time":151.375,"_lineIndex":3,"_lineLayer":0,"_type":1,"_cutDirection":8},{"_time":151.375,"_lineIndex":0,"_lineLayer":2,"_type":0,"_cutDirection":8},{"_time":152.375,"_lineIndex":2,"_lineLayer":0,"_type":1,"_cutDirection":8},{"_time":152.375,"_lineIndex":0,"_lineLayer":1,"_type":0,"_cutDirection":8},{"_time":154.375,"_lineIndex":3,"_lineLayer":2,"_type":1,"_cutDirection":8},{"_time":154.375,"_lineIndex":0,"_lineLayer":2,"_type":0,"_cutDirection":8},{"_time":155.375,"_lineIndex":3,"_lineLayer":2,"_type":1,"_cutDirection":8},{"_time":155.375,"_lineIndex":0,"_lineLayer":0,"_type":0,"_cutDirection":8},{"_time":155.875,"_lineIndex":1,"_lineLayer":1,"_type":0,"_cutDirection":8},{"_time":156.375,"_lineIndex":2,"_lineLayer":2,"_type":1,"_cutDirection":8},{"_time":156.375,"_lineIndex":0,"_lineLayer":2,"_type":0,"_cutDirection":8},{"_time":168.375,"_lineIndex":3,"_lineLayer":2,"_type":1,"_cutDirection":8},{"_time":168.375,"_lineIndex":1,"_lineLayer":1,"_type":0,"_cutDirection":8},{"_time":170.375,"_lineIndex":2,"_lineLayer":0,"_type":1,"_cutDirection":8},{"_time":170.375,"_lineIndex":1,"_lineLayer":0,"_type":0,"_cutDirection":8},{"_time":171.375,"_lineIndex":3,"_lineLayer":0,"_type":1,"_cutDirection":8},{"_time":171.375,"_lineIndex":0,"_lineLayer":0,"_type":0,"_cutDirection":8},{"_time":172.375,"_lineIndex":2,"_lineLayer":0,"_type":1,"_cutDirection":8},{"_time":172.375,"_lineIndex":0,"_lineLayer":0,"_type":0,"_cutDirection":8},{"_time":174.375,"_lineIndex":2,"_lineLayer":2,"_type":1,"_cutDirection":8},{"_time":174.375,"_lineIndex":1,"_lineLayer":2,"_type":0,"_cutDirection":8},{"_time":175.375,"_lineIndex":3,"_lineLayer":2,"_type":1,"_cutDirection":8},{"_time":175.375,"_lineIndex":1,"_lineLayer":1,"_type":0,"_cutDirection":8},{"_time":175.875,"_lineIndex":2,"_lineLayer":1,"_type":1,"_cutDirection":8},{"_time":176.375,"_lineIndex":2,"_lineLayer":0,"_type":1,"_cutDirection":8},{"_time":176.375,"_lineIndex":1,"_lineLayer":2,"_type":0,"_cutDirection":8},{"_time":178.375,"_lineIndex":0,"_lineLayer":0,"_type":0,"_cutDirection":8},{"_time":178.375,"_lineIndex":3,"_lineLayer":0,"_type":1,"_cutDirection":8},{"_time":179.375,"_lineIndex":2,"_lineLayer":0,"_type":1,"_cutDirection":8},{"_time":179.375,"_lineIndex":1,"_lineLayer":1,"_type":0,"_cutDirection":8},{"_time":179.875,"_lineIndex":3,"_lineLayer":1,"_type":1,"_cutDirection":8},{"_time":179.875,"_lineIndex":1,"_lineLayer":1,"_type":0,"_cutDirection":8},{"_time":180.375,"_lineIndex":3,"_lineLayer":1,"_type":1,"_cutDirection":8},{"_time":180.375,"_lineIndex":0,"_lineLayer":2,"_type":0,"_cutDirection":8},{"_time":184.375,"_lineIndex":2,"_lineLayer":2,"_type":1,"_cutDirection":8},{"_time":184.375,"_lineIndex":0,"_lineLayer":1,"_type":0,"_cutDirection":8},{"_time":186.375,"_lineIndex":2,"_lineLayer":2,"_type":1,"_cutDirection":8},{"_time":186.375,"_lineIndex":1,"_lineLayer":2,"_type":0,"_cutDirection":8},{"_time":187.375,"_lineIndex":3,"_lineLayer":2,"_type":1,"_cutDirection":8},{"_time":187.375,"_lineIndex":1,"_lineLayer":2,"_type":0,"_cutDirection":8},{"_time":188.375,"_lineIndex":2,"_lineLayer":2,"_type":1,"_cutDirection":8},{"_time":188.375,"_lineIndex":0,"_lineLayer":2,"_type":0,"_cutDirection":8},{"_time":190.375,"_lineIndex":2,"_lineLayer":2,"_type":1,"_cutDirection":8},{"_time":190.375,"_lineIndex":1,"_lineLayer":2,"_type":0,"_cutDirection":8},{"_time":191.375,"_lineIndex":1,"_lineLayer":1,"_type":0,"_cutDirection":8},{"_time":192,"_lineIndex":2,"_lineLayer":1,"_type":1,"_cutDirection":8},{"_time":192,"_lineIndex":0,"_lineLayer":0,"_type":0,"_cutDirection":8},{"_time":192.375,"_lineIndex":3,"_lineLayer":1,"_type":1,"_cutDirection":8},{"_time":192.375,"_lineIndex":0,"_lineLayer":0,"_type":0,"_cutDirection":8},{"_time":194.375,"_lineIndex":1,"_lineLayer":1,"_type":0,"_cutDirection":8},{"_time":194.375,"_lineIndex":2,"_lineLayer":1,"_type":1,"_cutDirection":8},{"_time":195.375,"_lineIndex":3,"_lineLayer":0,"_type":1,"_cutDirection":8},{"_time":195.375,"_lineIndex":1,"_lineLayer":2,"_type":0,"_cutDirection":8},{"_time":195.875,"_lineIndex":2,"_lineLayer":1,"_type":1,"_cutDirection":8},{"_time":196.375,"_lineIndex":3,"_lineLayer":2,"_type":1,"_cutDirection":8},{"_time":196.375,"_lineIndex":1,"_lineLayer":1,"_type":0,"_cutDirection":8},{"_time":200.375,"_lineIndex":2,"_lineLayer":1,"_type":1,"_cutDirection":8},{"_time":200.375,"_lineIndex":0,"_lineLayer":0,"_type":0,"_cutDirection":8},{"_time":201.375,"_lineIndex":2,"_lineLayer":2,"_type":1,"_cutDirection":8},{"_time":201.375,"_lineIndex":1,"_lineLayer":2,"_type":0,"_cutDirection":8},{"_time":202.375,"_lineIndex":2,"_lineLayer":2,"_type":1,"_cutDirection":8},{"_time":202.375,"_lineIndex":1,"_lineLayer":0,"_type":0,"_cutDirection":8},{"_time":203.25,"_lineIndex":0,"_lineLayer":0,"_type":0,"_cutDirection":8},{"_time":203.375,"_lineIndex":2,"_lineLayer":2,"_type":1,"_cutDirection":8},{"_time":204.25,"_lineIndex":0,"_lineLayer":0,"_type":0,"_cutDirection":8},{"_time":206.375,"_lineIndex":0,"_lineLayer":2,"_type":0,"_cutDirection":8},{"_time":206.375,"_lineIndex":3,"_lineLayer":2,"_type":1,"_cutDirection":8},{"_time":207.375,"_lineIndex":2,"_lineLayer":1,"_type":1,"_cutDirection":8},{"_time":207.375,"_lineIndex":0,"_lineLayer":2,"_type":0,"_cutDirection":8},{"_time":207.875,"_lineIndex":3,"_lineLayer":2,"_type":1,"_cutDirection":8},{"_time":207.875,"_lineIndex":1,"_lineLayer":1,"_type":0,"_cutDirection":8},{"_time":208.375,"_lineIndex":3,"_lineLayer":2,"_type":1,"_cutDirection":8},{"_time":208.375,"_lineIndex":0,"_lineLayer":1,"_type":0,"_cutDirection":8},{"_time":210.375,"_lineIndex":0,"_lineLayer":1,"_type":0,"_cutDirection":8},{"_time":210.375,"_lineIndex":3,"_lineLayer":1,"_type":1,"_cutDirection":8},{"_time":211.375,"_lineIndex":3,"_lineLayer":2,"_type":1,"_cutDirection":8},{"_time":211.375,"_lineIndex":1,"_lineLayer":1,"_type":0,"_cutDirection":8},{"_time":211.875,"_lineIndex":1,"_lineLayer":2,"_type":0,"_cutDirection":8},{"_time":212.375,"_lineIndex":2,"_lineLayer":2,"_type":1,"_cutDirection":8},{"_time":212.375,"_lineIndex":0,"_lineLayer":2,"_type":0,"_cutDirection":8},{"_time":216.375,"_lineIndex":3,"_lineLayer":2,"_type":1,"_cutDirection":8},{"_time":216.375,"_lineIndex":1,"_lineLayer":1,"_type":0,"_cutDirection":8},{"_time":218.375,"_lineIndex":1,"_lineLayer":1,"_type":0,"_cutDirection":8},{"_time":218.375,"_lineIndex":2,"_lineLayer":1,"_type":1,"_cutDirection":8},{"_time":219.375,"_lineIndex":1,"_lineLayer":1,"_type":0,"_cutDirection":8},{"_time":219.375,"_lineIndex":2,"_lineLayer":1,"_type":1,"_cutDirection":8},{"_time":220.375,"_lineIndex":3,"_lineLayer":2,"_type":1,"_cutDirection":8},{"_time":220.375,"_lineIndex":1,"_lineLayer":2,"_type":0,"_cutDirection":8},{"_time":221.375,"_lineIndex":2,"_lineLayer":1,"_type":1,"_cutDirection":8},{"_time":221.375,"_lineIndex":1,"_lineLayer":1,"_type":0,"_cutDirection":8},{"_time":222.375,"_lineIndex":3,"_lineLayer":0,"_type":1,"_cutDirection":8},{"_time":222.375,"_lineIndex":0,"_lineLayer":0,"_type":0,"_cutDirection":8},{"_time":223.375,"_lineIndex":3,"_lineLayer":1,"_type":1,"_cutDirection":8},{"_time":223.375,"_lineIndex":1,"_lineLayer":1,"_type":0,"_cutDirection":8},{"_time":223.875,"_lineIndex":3,"_lineLayer":2,"_type":1,"_cutDirection":8},{"_time":223.875,"_lineIndex":1,"_lineLayer":2,"_type":0,"_cutDirection":8},{"_time":224.375,"_lineIndex":2,"_lineLayer":1,"_type":1,"_cutDirection":8},{"_time":224.375,"_lineIndex":1,"_lineLayer":2,"_type":0,"_cutDirection":8},{"_time":226.375,"_lineIndex":0,"_lineLayer":1,"_type":0,"_cutDirection":8},{"_time":226.375,"_lineIndex":3,"_lineLayer":1,"_type":1,"_cutDirection":8},{"_time":227.375,"_lineIndex":3,"_lineLayer":1,"_type":1,"_cutDirection":8},{"_time":227.375,"_lineIndex":1,"_lineLayer":2,"_type":0,"_cutDirection":8},{"_time":227.875,"_lineIndex":2,"_lineLayer":0,"_type":1,"_cutDirection":8},{"_time":227.875,"_lineIndex":1,"_lineLayer":2,"_type":0,"_cutDirection":8},{"_time":228.375,"_lineIndex":3,"_lineLayer":1,"_type":1,"_cutDirection":8},{"_time":228.375,"_lineIndex":0,"_lineLayer":2,"_type":0,"_cutDirection":8},{"_time":232.375,"_lineIndex":3,"_lineLayer":1,"_type":1,"_cutDirection":8},{"_time":232.375,"_lineIndex":0,"_lineLayer":1,"_type":0,"_cutDirection":8},{"_time":233.375,"_lineIndex":2,"_lineLayer":2,"_type":1,"_cutDirection":8},{"_time":233.375,"_lineIndex":1,"_lineLayer":2,"_type":0,"_cutDirection":8},{"_time":234.375,"_lineIndex":2,"_lineLayer":2,"_type":1,"_cutDirection":8},{"_time":234.375,"_lineIndex":1,"_lineLayer":0,"_type":0,"_cutDirection":8},{"_time":235.375,"_lineIndex":2,"_lineLayer":2,"_type":1,"_cutDirection":8},{"_time":235.375,"_lineIndex":0,"_lineLayer":0,"_type":0,"_cutDirection":8},{"_time":236.375,"_lineIndex":3,"_lineLayer":1,"_type":1,"_cutDirection":8},{"_time":236.375,"_lineIndex":1,"_lineLayer":1,"_type":0,"_cutDirection":8},{"_time":237.375,"_lineIndex":1,"_lineLayer":1,"_type":0,"_cutDirection":8},{"_time":237.375,"_lineIndex":2,"_lineLayer":1,"_type":1,"_cutDirection":8},{"_time":238.375,"_lineIndex":2,"_lineLayer":2,"_type":1,"_cutDirection":8},{"_time":238.375,"_lineIndex":1,"_lineLayer":2,"_type":0,"_cutDirection":8},{"_time":239.375,"_lineIndex":3,"_lineLayer":2,"_type":1,"_cutDirection":8},{"_time":239.875,"_lineIndex":2,"_lineLayer":2,"_type":1,"_cutDirection":8},{"_time":240.375,"_lineIndex":3,"_lineLayer":1,"_type":1,"_cutDirection":8},{"_time":240.375,"_lineIndex":0,"_lineLayer":1,"_type":0,"_cutDirection":8},{"_time":242.375,"_lineIndex":0,"_lineLayer":1,"_type":0,"_cutDirection":8},{"_time":242.375,"_lineIndex":3,"_lineLayer":1,"_type":1,"_cutDirection":8},{"_time":243.375,"_lineIndex":1,"_lineLayer":2,"_type":0,"_cutDirection":8},{"_time":243.875,"_lineIndex":1,"_lineLayer":1,"_type":0,"_cutDirection":8},{"_time":244.375,"_lineIndex":3,"_lineLayer":2,"_type":1,"_cutDirection":8},{"_time":244.375,"_lineIndex":0,"_lineLayer":2,"_type":0,"_cutDirection":8},{"_time":248.375,"_lineIndex":3,"_lineLayer":2,"_type":1,"_cutDirection":8},{"_time":248.375,"_lineIndex":0,"_lineLayer":2,"_type":0,"_cutDirection":8},{"_time":250.375,"_lineIndex":0,"_lineLayer":2,"_type":0,"_cutDirection":8},{"_time":250.375,"_lineIndex":3,"_lineLayer":2,"_type":1,"_cutDirection":8},{"_time":252.375,"_lineIndex":3,"_lineLayer":1,"_type":1,"_cutDirection":8},{"_time":252.375,"_lineIndex":0,"_lineLayer":1,"_type":0,"_cutDirection":8},{"_time":254.375,"_lineIndex":1,"_lineLayer":1,"_type":0,"_cutDirection":8},{"_time":254.375,"_lineIndex":2,"_lineLayer":1,"_type":1,"_cutDirection":8},{"_time":255.375,"_lineIndex":1,"_lineLayer":0,"_type":0,"_cutDirection":8},{"_time":255.375,"_lineIndex":2,"_lineLayer":0,"_type":1,"_cutDirection":8},{"_time":256.375,"_lineIndex":3,"_lineLayer":1,"_type":1,"_cutDirection":8},{"_time":256.375,"_lineIndex":0,"_lineLayer":0,"_type":0,"_cutDirection":8},{"_time":258.375,"_lineIndex":3,"_lineLayer":1,"_type":1,"_cutDirection":8},{"_time":258.375,"_lineIndex":1,"_lineLayer":0,"_type":0,"_cutDirection":8},{"_time":260.375,"_lineIndex":3,"_lineLayer":0,"_type":1,"_cutDirection":8},{"_time":260.375,"_lineIndex":0,"_lineLayer":0,"_type":0,"_cutDirection":8},{"_time":264.375,"_lineIndex":3,"_lineLayer":0,"_type":1,"_cutDirection":8},{"_time":264.375,"_lineIndex":0,"_lineLayer":0,"_type":0,"_cutDirection":8},{"_time":266.375,"_lineIndex":2,"_lineLayer":1,"_type":1,"_cutDirection":8},{"_time":266.375,"_lineIndex":0,"_lineLayer":0,"_type":0,"_cutDirection":8},{"_time":268.375,"_lineIndex":3,"_lineLayer":2,"_type":1,"_cutDirection":8},{"_time":268.375,"_lineIndex":0,"_lineLayer":0,"_type":0,"_cutDirection":8},{"_time":270.375,"_lineIndex":2,"_lineLayer":2,"_type":1,"_cutDirection":8},{"_time":270.375,"_lineIndex":1,"_lineLayer":1,"_type":0,"_cutDirection":8},{"_time":271.375,"_lineIndex":0,"_lineLayer":0,"_type":0,"_cutDirection":8},{"_time":271.375,"_lineIndex":3,"_lineLayer":0,"_type":1,"_cutDirection":8},{"_time":272.375,"_lineIndex":3,"_lineLayer":2,"_type":1,"_cutDirection":8},{"_time":272.375,"_lineIndex":0,"_lineLayer":0,"_type":0,"_cutDirection":8},{"_time":274.375,"_lineIndex":0,"_lineLayer":0,"_type":0,"_cutDirection":8},{"_time":274.375,"_lineIndex":3,"_lineLayer":0,"_type":1,"_cutDirection":8},{"_time":276.375,"_lineIndex":3,"_lineLayer":2,"_type":1,"_cutDirection":8},{"_time":276.375,"_lineIndex":0,"_lineLayer":0,"_type":0,"_cutDirection":8},{"_time":280.375,"_lineIndex":3,"_lineLayer":2,"_type":1,"_cutDirection":8},{"_time":280.375,"_lineIndex":0,"_lineLayer":1,"_type":0,"_cutDirection":8},{"_time":282.375,"_lineIndex":1,"_lineLayer":0,"_type":0,"_cutDirection":8},{"_time":282.375,"_lineIndex":2,"_lineLayer":0,"_type":1,"_cutDirection":8},{"_time":284.375,"_lineIndex":3,"_lineLayer":2,"_type":1,"_cutDirection":8},{"_time":284.375,"_lineIndex":0,"_lineLayer":0,"_type":0,"_cutDirection":8},{"_time":286.375,"_lineIndex":1,"_lineLayer":1,"_type":0,"_cutDirection":8},{"_time":286.375,"_lineIndex":2,"_lineLayer":1,"_type":1,"_cutDirection":8},{"_time":288.375,"_lineIndex":3,"_lineLayer":2,"_type":1,"_cutDirection":8},{"_time":288.375,"_lineIndex":0,"_lineLayer":1,"_type":0,"_cutDirection":8},{"_time":290.375,"_lineIndex":0,"_lineLayer":0,"_type":0,"_cutDirection":8},{"_time":290.375,"_lineIndex":3,"_lineLayer":0,"_type":1,"_cutDirection":8},{"_time":292.375,"_lineIndex":2,"_lineLayer":2,"_type":1,"_cutDirection":8},{"_time":292.375,"_lineIndex":0,"_lineLayer":0,"_type":0,"_cutDirection":8}],"_obstacles":[],"_noteJumpStartBeatOffset":0}